row_id,icd9_code,short_title,long_title
1,01716,Erythem nod tb-oth test,"Erythema nodosum with hypersensitivity reaction in tuberculosis, tubercle bacilli not found by bacteriological or histological examination, but tuberculosis confirmed by other methods [inoculation of animals]"
2,01720,TB periph lymph-unspec,"Tuberculosis of peripheral lymph nodes, unspecified"
3,01721,TB periph lymph-no exam,"Tuberculosis of peripheral lymph nodes, bacteriological or histological examination not done"
4,01722,TB periph lymph-exam unk,"Tuberculosis of peripheral lymph nodes, bacteriological or histological examination unknown (at present)"
5,01723,TB periph lymph-micro dx,"Tuberculosis of peripheral lymph nodes, tubercle bacilli found (in sputum) by microscopy"
6,01724,TB periph lymph-cult dx,"Tuberculosis of peripheral lymph nodes, tubercle bacilli not found (in sputum) by microscopy, but found by bacterial culture"
7,01725,TB periph lymph-histo dx,"Tuberculosis of peripheral lymph nodes, tubercle bacilli not found by bacteriological examination, but tuberculosis confirmed histologically"
8,01726,TB periph lymph-oth test,"Tuberculosis of peripheral lymph nodes, tubercle bacilli not found by bacteriological or histological examination, but tuberculosis confirmed by other methods [inoculation of animals]"
9,01730,TB of eye-unspec,"Tuberculosis of eye, unspecified"
10,01731,TB of eye-no exam,"Tuberculosis of eye, bacteriological or histological examination not done"
11,01732,TB of eye-exam unkn,"Tuberculosis of eye, bacteriological or histological examination unknown (at present)"
12,01733,TB of eye-micro dx,"Tuberculosis of eye, tubercle bacilli found (in sputum) by microscopy"
13,01734,TB of eye-cult dx,"Tuberculosis of eye, tubercle bacilli not found (in sputum) by microscopy, but found by bacterial culture"
14,01735,TB of eye-histo dx,"Tuberculosis of eye, tubercle bacilli not found by bacteriological examination, but tuberculosis confirmed histologically"
15,01736,TB of eye-oth test,"Tuberculosis of eye, tubercle bacilli not found by bacteriological or histological examination, but tuberculosis confirmed by other methods [inoculation of animals]"
16,01740,TB of ear-unspec,"Tuberculosis of ear, unspecified"
17,01741,TB of ear-no exam,"Tuberculosis of ear, bacteriological or histological examination not done"
18,01742,TB of ear-exam unkn,"Tuberculosis of ear, bacteriological or histological examination unknown (at present)"
19,01743,TB of ear-micro dx,"Tuberculosis of ear, tubercle bacilli found (in sputum) by microscopy"
20,01744,TB of ear-cult dx,"Tuberculosis of ear, tubercle bacilli not found (in sputum) by microscopy, but found by bacterial culture"
21,01745,TB of ear-histo dx,"Tuberculosis of ear, tubercle bacilli not found by bacteriological examination, but tuberculosis confirmed histologically"
22,01746,TB of ear-oth test,"Tuberculosis of ear, tubercle bacilli not found by bacteriological or histological examination, but tuberculosis confirmed by other methods [inoculation of animals]"
23,01750,TB of thyroid-unspec,"Tuberculosis of thyroid gland, unspecified"
24,01751,TB of thyroid-no exam,"Tuberculosis of thyroid gland, bacteriological or histological examination not done"
25,01752,TB of thyroid-exam unkn,"Tuberculosis of thyroid gland, bacteriological or histological examination unknown (at present)"
26,01753,TB of thyroid-micro dx,"Tuberculosis of thyroid gland, tubercle bacilli found (in sputum) by microscopy"
27,01754,TB of thyroid-cult dx,"Tuberculosis of thyroid gland, tubercle bacilli not found (in sputum) by microscopy, but found by bacterial culture"
28,01755,TB of thyroid-histo dx,"Tuberculosis of thyroid gland, tubercle bacilli not found by bacteriological examination, but tuberculosis confirmed histologically"
29,01756,TB of thyroid-oth test,"Tuberculosis of thyroid gland, tubercle bacilli not found by bacteriological or histological examination, but tuberculosis confirmed by other methods [inoculation of animals]"
30,01760,TB of adrenal-unspec,"Tuberculosis of adrenal glands, unspecified"
31,01761,TB of adrenal-no exam,"Tuberculosis of adrenal glands, bacteriological or histological examination not done"
32,01762,TB of adrenal-exam unkn,"Tuberculosis of adrenal glands, bacteriological or histological examination unknown (at present)"
33,01763,TB of adrenal-micro dx,"Tuberculosis of adrenal glands, tubercle bacilli found (in sputum) by microscopy"
34,01764,TB of adrenal-cult dx,"Tuberculosis of adrenal glands, tubercle bacilli not found (in sputum) by microscopy, but found by bacterial culture"
35,01765,TB of adrenal-histo dx,"Tuberculosis of adrenal glands, tubercle bacilli not found by bacteriological examination, but tuberculosis confirmed histologically"
36,01766,TB of adrenal-oth test,"Tuberculosis of adrenal glands, tubercle bacilli not found by bacteriological or histological examination, but tuberculosis confirmed by other methods [inoculation of animals]"
37,01770,TB of spleen-unspec,"Tuberculosis of spleen, unspecified"
38,01771,TB of spleen-no exam,"Tuberculosis of spleen, bacteriological or histological examination not done"
39,01772,TB of spleen-exam unkn,"Tuberculosis of spleen, bacteriological or histological examination unknown (at present)"
40,01773,TB of spleen-micro dx,"Tuberculosis of spleen, tubercle bacilli found (in sputum) by microscopy"
41,01774,TB of spleen-cult dx,"Tuberculosis of spleen, tubercle bacilli not found (in sputum) by microscopy, but found by bacterial culture"
42,01775,TB of spleen-histo dx,"Tuberculosis of spleen, tubercle bacilli not found by bacteriological examination, but tuberculosis confirmed histologically"
43,01776,TB of spleen-oth test,"Tuberculosis of spleen, tubercle bacilli not found by bacteriological or histological examination, but tuberculosis confirmed by other methods [inoculation of animals]"
44,01780,TB esophagus-unspec,"Tuberculosis of esophagus, unspecified"
45,01781,TB esophagus-no exam,"Tuberculosis of esophagus, bacteriological or histological examination not done"
46,01782,TB esophagus-exam unkn,"Tuberculosis of esophagus, bacteriological or histological examination unknown (at present)"
47,01783,TB esophagus-micro dx,"Tuberculosis of esophagus, tubercle bacilli found (in sputum) by microscopy"
48,01784,TB esophagus-cult dx,"Tuberculosis of esophagus, tubercle bacilli not found (in sputum) by microscopy, but found by bacterial culture"
49,01785,TB esophagus-histo dx,"Tuberculosis of esophagus, tubercle bacilli not found by bacteriological examination, but tuberculosis confirmed histologically"
50,01786,TB esophagus-oth test,"Tuberculosis of esophagus, tubercle bacilli not found by bacteriological or histological examination, but tuberculosis confirmed by other methods [inoculation of animals]"
51,01790,TB of organ NEC-unspec,"Tuberculosis of other specified organs, unspecified"
52,01791,TB of organ NEC-no exam,"Tuberculosis of other specified organs, bacteriological or histological examination not done"
103,01005,Prim TB complex-histo dx,"Primary tuberculous infection, tubercle bacilli not found by bacteriological examination, but tuberculosis confirmed histologically"
104,01006,Prim TB complex-oth test,"Primary tuberculous infection, tubercle bacilli not found by bacteriological or histological examination, but tuberculosis confirmed by other methods [inoculation of animals]"
105,01010,Prim TB pleurisy-unspec,"Tuberculous pleurisy in primary progressive tuberculosis, unspecified"
106,01011,Prim TB pleurisy-no exam,"Tuberculous pleurisy in primary progressive tuberculosis, bacteriological or histological examination not done"
107,01012,Prim TB pleur-exam unkn,"Tuberculous pleurisy in primary progressive tuberculosis, bacteriological or histological examination unknown (at present)"
108,01013,Prim TB pleuris-micro dx,"Tuberculous pleurisy in primary progressive tuberculosis, tubercle bacilli found (in sputum) by microscopy"
109,01014,Prim TB pleurisy-cult dx,"Tuberculous pleurisy in primary progressive tuberculosis, tubercle bacilli not found (in sputum) by microscopy, but found by bacterial culture"
110,01015,Prim TB pleuris-histo dx,"Tuberculous pleurisy in primary progressive tuberculosis, tubercle bacilli not found by bacteriological examination, but tuberculosis confirmed histologically"
111,01016,Prim TB pleuris-oth test,"Tuberculous pleurisy in primary progressive tuberculosis, tubercle bacilli not found by bacteriological or histological examination, but tuberculosis confirmed by other methods [inoculation of animals]"
112,01080,Prim prog TB NEC-unspec,"Other primary progressive tuberculosis, unspecified"
113,01081,Prim prog TB NEC-no exam,"Other primary progressive tuberculosis, bacteriological or histological examination not done"
114,01082,Prim pr TB NEC-exam unkn,"Other primary progressive tuberculosis, bacteriological or histological examination unknown (at present)"
115,01083,Prim prg TB NEC-micro dx,"Other primary progressive tuberculosis, tubercle bacilli found (in sputum) by microscopy"
116,01084,Prim prog TB NEC-cult dx,"Other primary progressive tuberculosis, tubercle bacilli not found (in sputum) by microscopy, but found by bacterial culture"
117,01085,Prim prg TB NEC-histo dx,"Other primary progressive tuberculosis, tubercle bacilli not found by bacteriological examination, but tuberculosis confirmed histologically"
118,01086,Prim prg TB NEC-oth test,"Other primary progressive tuberculosis, tubercle bacilli not found by bacteriological or histological examination, but tuberculosis confirmed by other methods [inoculation of animals]"
124,01095,Primary TB NOS-histo dx,"Primary tuberculous infection, unspecified, tubercle bacilli not found by bacteriological examination, but tuberculosis confirmed histologically"
125,01096,Primary TB NOS-oth test,"Primary tuberculous infection, unspecified, tubercle bacilli not found by bacteriological or histological examination, but tuberculosis confirmed by other methods [inoculation of animals]"
126,01100,TB lung infiltr-unspec,"Tuberculosis of lung, infiltrative, unspecified"
127,01101,TB lung infiltr-no exam,"Tuberculosis of lung, infiltrative, bacteriological or histological examination not done"
128,01102,TB lung infiltr-exm unkn,"Tuberculosis of lung, infiltrative, bacteriological or histological examination unknown (at present)"
129,01103,TB lung infiltr-micro dx,"Tuberculosis of lung, infiltrative, tubercle bacilli found (in sputum) by microscopy"
130,01104,TB lung infiltr-cult dx,"Tuberculosis of lung, infiltrative, tubercle bacilli not found (in sputum) by microscopy, but found by bacterial culture"
131,01105,TB lung infiltr-histo dx,"Tuberculosis of lung, infiltrative, tubercle bacilli not found by bacteriological examination, but tuberculosis confirmed histologically"
132,01106,TB lung infiltr-oth test,"Tuberculosis of lung, infiltrative, tubercle bacilli not found bacteriological or histological examination, but tuberculosis confirmed by other methods [inoculation of animals]"
133,01110,TB lung nodular-unspec,"Tuberculosis of lung, nodular, unspecified"
134,01111,TB lung nodular-no exam,"Tuberculosis of lung, nodular, bacteriological or histological examination not done"
135,01112,TB lung nodul-exam unkn,"Tuberculosis of lung, nodular, bacteriological or histological examination unknown (at present)"
136,01113,TB lung nodular-micro dx,"Tuberculosis of lung, nodular, tubercle bacilli found (in sputum) by microscopy"
137,01114,TB lung nodular-cult dx,"Tuberculosis of lung, nodular, tubercle bacilli not found (in sputum) by microscopy, but found by bacterial culture"
138,01115,TB lung nodular-histo dx,"Tuberculosis of lung, nodular, tubercle bacilli not found by bacteriological examination, but tuberculosis confirmed histologically"
139,01116,TB lung nodular-oth test,"Tuberculosis of lung, nodular, tubercle bacilli not found by bacteriological or histological examination, but tuberculosis confirmed by other methods [inoculation of animals]"
140,01120,TB lung w cavity-unspec,"Tuberculosis of lung with cavitation, unspecified"
141,01121,TB lung w cavity-no exam,"Tuberculosis of lung with cavitation, bacteriological or histological examination not done"
142,01122,TB lung cavity-exam unkn,"Tuberculosis of lung with cavitation, bacteriological or histological examination unknown (at present)"
143,01123,TB lung w cavit-micro dx,"Tuberculosis of lung with cavitation, tubercle bacilli found (in sputum) by microscopy"
144,01124,TB lung w cavity-cult dx,"Tuberculosis of lung with cavitation, tubercle bacilli not found (in sputum) by microscopy, but found by bacterial culture"
145,01125,TB lung w cavit-histo dx,"Tuberculosis of lung with cavitation, tubercle bacilli not found by bacteriological examination, but tuberculosis confirmed histologically"
146,01126,TB lung w cavit-oth test,"Tuberculosis of lung with cavitation, tubercle bacilli not found by bacteriological or histological examination, but tuberculosis confirmed by other methods [inoculation of animals]"
147,01130,TB of bronchus-unspec,"Tuberculosis of bronchus, unspecified"
148,01131,TB of bronchus-no exam,"Tuberculosis of bronchus, bacteriological or histological examination not done"
149,01132,TB of bronchus-exam unkn,"Tuberculosis of bronchus, bacteriological or histological examination unknown (at present)"
150,01133,TB of bronchus-micro dx,"Tuberculosis of bronchus, tubercle bacilli found (in sputum) by microscopy"
151,01134,TB of bronchus-cult dx,"Tuberculosis of bronchus, tubercle bacilli not found (in sputum) by microscopy, but found in bacterial culture"
152,01135,TB of bronchus-histo dx,"Tuberculosis of bronchus, tubercle bacilli not found by bacteriological examination, but tuberculosis confirmed histologically"
153,01136,TB of bronchus-oth test,"Tuberculosis of bronchus, tubercle bacilli not found by bacteriological or histological examination, but tuberculosis confirmed by other methods [inoculation of animals]"
159,01145,TB lung fibros-histo dx,"Tuberculous fibrosis of lung, tubercle bacilli not found by bacteriological examination, but tuberculosis confirmed histologically"
160,01146,TB lung fibros-oth test,"Tuberculous fibrosis of lung, tubercle bacilli not found by bacteriological or histological examination, but tuberculosis confirmed by other methods [inoculation of animals]"
166,01155,TB bronchiect-histo dx,"Tuberculous bronchiectasis, tubercle bacilli not found by bacteriological examination, but tuberculosis confirmed histologically"
167,01156,TB bronchiect-oth test,"Tuberculous bronchiectasis, tubercle bacilli not found by bacteriological or histological examination, but tuberculosis confirmed by other methods [inoculation of animals]"
173,01165,TB pneumonia-histo dx,"Tuberculous pneumonia [any form], tubercle bacilli not found by bacteriological examination, but tuberculosis confirmed histologically"
174,01166,TB pneumonia-oth test,"Tuberculous pneumonia [any form], tubercle bacilli not found by bacteriological or histological examination, but tuberculosis confirmed by other methods [inoculation of animals]"
180,01175,TB pneumothorax-histo dx,"Tuberculous pneumothorax, tubercle bacilli not found by bacteriological examination, but tuberculosis confirmed histologically"
181,01176,TB pneumothorax-oth test,"Tuberculous pneumothorax, tubercle bacilli not found by bacteriological or histological examination, but tuberculosis confirmed by other methods [inoculation of animals]"
182,01180,Pulmonary TB NEC-unspec,"Other specified pulmonary tuberculosis, unspecified"
183,01181,Pulmonary TB NEC-no exam,"Other specified pulmonary tuberculosis, bacteriological or histological examination not done"
184,01182,Pulmon TB NEC-exam unkn,"Other specified pulmonary tuberculosis, bacteriological or histological examination unknown (at present)"
185,01183,Pulmon TB NEC-micro dx,"Other specified pulmonary tuberculosis, tubercle bacilli found (in sputum) by microscopy"
186,01184,Pulmon TB NEC-cult dx,"Other specified pulmonary tuberculosis, tubercle bacilli not found (in sputum) by microscopy, but found by bacterial culture"
187,01185,Pulmon TB NEC-histo dx,"Other specified pulmonary tuberculosis, tubercle bacilli not found by bacteriological examination, but tuberculosis confirmed histologically"
188,01186,Pulmon TB NEC-oth test,"Other specified pulmonary tuberculosis, tubercle bacilli not found by bacteriological or histological examination, but tuberculosis confirmed by other methods [inoculation of animals]"
189,01190,Pulmonary TB NOS-unspec,"Pulmonary tuberculosis, unspecified, unspecified"
190,01191,Pulmonary TB NOS-no exam,"Pulmonary tuberculosis, unspecified, bacteriological or histological examination not done"
191,01192,Pulmon TB NOS-exam unkn,"Pulmonary tuberculosis, unspecified, bacteriological or histological examination unknown (at present)"
192,01193,Pulmon TB NOS-micro dx,"Pulmonary tuberculosis, unspecified, tubercle bacilli found (in sputum) by microscopy"
193,01194,Pulmon TB NOS-cult dx,"Pulmonary tuberculosis, unspecified, tubercle bacilli not found (in sputum) by microscopy, but found by bacterial culture"
194,01195,Pulmon TB NOS-histo dx,"Pulmonary tuberculosis, unspecified, tubercle bacilli not found by bacteriological examination, but tuberculosis confirmed histologically"
195,01196,Pulmon TB NOS-oth test,"Pulmonary tuberculosis, unspecified, tubercle bacilli not found by bacteriological or histological examination, but tuberculosis confirmed by other methods [inoculation of animals]"
201,01205,TB pleurisy-histolog dx,"Tuberculous pleurisy, tubercle bacilli not found by bacteriological examination, but tuberculosis confirmed histologically"
202,01206,TB pleurisy-oth test,"Tuberculous pleurisy, tubercle bacilli not found by bacteriological or histological examination, but tuberculosis confirmed by other methods [inoculation of animals]"
203,01210,TB thoracic nodes-unspec,"Tuberculosis of intrathoracic lymph nodes, unspecified"
204,01211,TB thorax node-no exam,"Tuberculosis of intrathoracic lymph nodes, bacteriological or histological examination not done"
205,01212,TB thorax node-exam unkn,"Tuberculosis of intrathoracic lymph nodes, bacteriological or histological examination unknown (at present)"
206,01213,TB thorax node-micro dx,"Tuberculosis of intrathoracic lymph nodes, tubercle bacilli found (in sputum) by microscopy"
207,01214,TB thorax node-cult dx,"Tuberculosis of intrathoracic lymph nodes, tubercle bacilli not found (in sputum) by microscopy, but found by bacterial culture"
208,01215,TB thorax node-histo dx,"Tuberculosis of intrathoracic lymph nodes, tubercle bacilli not found by bacteriological examination, but tuberculosis confirmed histologically"
209,01216,TB thorax node-oth test,"Tuberculosis of intrathoracic lymph nodes, tubercle bacilli not found by bacteriological or histological examination, but tuberculosis confirmed by other methods [inoculation of animals]"
210,01220,Isol tracheal tb-unspec,"Isolated tracheal or bronchial tuberculosis, unspecified"
211,01221,Isol tracheal tb-no exam,"Isolated tracheal or bronchial tuberculosis, bacteriological or histological examination not done"
212,01222,Isol trach tb-exam unkn,"Isolated tracheal or bronchial tuberculosis, bacteriological or histological examination unknown (at present)"
213,01223,Isolat trach tb-micro dx,"Isolated tracheal or bronchial tuberculosis, tubercle bacilli found (in sputum) by microscopy"
214,01224,Isol tracheal tb-cult dx,"Isolated tracheal or bronchial tuberculosis, tubercle bacilli not found (in sputum) by microscopy, but found by bacterial culture"
215,01225,Isolat trach tb-histo dx,"Isolated tracheal or bronchial tuberculosis, tubercle bacilli not found by bacteriological examination, but tuberculosis confirmed histologically"
216,01226,Isolat trach tb-oth test,"Isolated tracheal or bronchial tuberculosis, tubercle bacilli not found by bacteriological or histological examination, but tuberculosis confirmed by other methods [inoculation of animals]"
222,01235,TB laryngitis-histo dx,"Tuberculous laryngitis, tubercle bacilli not found by bacteriological examination, but tuberculosis confirmed histologically"
223,01236,TB laryngitis-oth test,"Tuberculous laryngitis, tubercle bacilli not found by bacteriological or histological examination, but tuberculosis confirmed by other methods [inoculation of animals]"
224,01280,Resp TB NEC-unspec,"Other specified respiratory tuberculosis, unspecified"
225,01281,Resp TB NEC-no exam,"Other specified respiratory tuberculosis, bacteriological or histological examination not done"
226,01282,Resp TB NEC-exam unkn,"Other specified respiratory tuberculosis, bacteriological or histological examination unknown (at present)"
227,01283,Resp TB NEC-micro dx,"Other specified respiratory tuberculosis, tubercle bacilli found (in sputum) by microscopy"
228,01284,Resp TB NEC-cult dx,"Other specified respiratory tuberculosis, tubercle bacilli not found (in sputum) by microscopy, but found by bacterial culture"
229,01285,Resp TB NEC-histo dx,"Other specified respiratory tuberculosis, tubercle bacilli not found by bacteriological examination, but tuberculosis confirmed histologically"
230,01286,Resp TB NEC-oth test,"Other specified respiratory tuberculosis, tubercle bacilli not found by bacteriological or histological examination, but tuberculosis confirmed by other methods [inoculation of animals]"
268,01676,TB fem gen NEC-oth test,"Tuberculosis of other female genital organs, tubercle bacilli not found by bacteriological or histological examination, but tuberculosis confirmed by other methods [inoculation of animals]"
269,01690,Gu TB NOS-unspec,"Genitourinary tuberculosis, unspecified, unspecified"
270,01691,Gu TB NOS-no exam,"Genitourinary tuberculosis, unspecified, bacteriological or histological examination not done"
271,01692,Gu TB NOS-exam unkn,"Genitourinary tuberculosis, unspecified, bacteriological or histological examination unknown (at present)"
272,01693,Gu TB NOS-micro dx,"Genitourinary tuberculosis, unspecified, tubercle bacilli found (in sputum) by microscopy"
273,01694,Gu TB NOS-cult dx,"Genitourinary tuberculosis, unspecified, tubercle bacilli not found (in sputum) by microscopy, but found by bacterial culture"
274,01695,Gu TB NOS-histo dx,"Genitourinary tuberculosis, unspecified, tubercle bacilli not found by bacteriological examination, but tuberculosis confirmed histologically"
275,01696,Gu TB NOS-oth test,"Genitourinary tuberculosis, unspecified, tubercle bacilli not found by bacteriological or histological examination, but tuberculosis confirmed by other methods [inoculation of animals]"
276,01700,TB skin/subcutan-unspec,"Tuberculosis of skin and subcutaneous cellular tissue, unspecified"
277,01701,TB skin/subcut-no exam,"Tuberculosis of skin and subcutaneous cellular tissue, bacteriological or histological examination not done"
278,01702,TB skin/subcut-exam unkn,"Tuberculosis of skin and subcutaneous cellular tissue, bacteriological or histological examination unknown (at present)"
279,01703,TB skin/subcut-micro dx,"Tuberculosis of skin and subcutaneous cellular tissue, tubercle bacilli found (in sputum) by microscopy"
280,01704,TB skin/subcut-cult dx,"Tuberculosis of skin and subcutaneous cellular tissue, tubercle bacilli not found (in sputum) by microscopy, but found by bacterial culture"
281,01705,TB skin/subcut-histo dx,"Tuberculosis of skin and subcutaneous cellular tissue, tubercle bacilli not found by bacteriological examination, but tuberculosis confirmed histologically"
282,01706,TB skin/subcut-oth test,"Tuberculosis of skin and subcutaneous cellular tissue, tubercle bacilli not found by bacteriological or histological examination, but tuberculosis confirmed by other methods [inoculation of animals]"
283,01710,Erythema nodos tb-unspec,"Erythema nodosum with hypersensitivity reaction in tuberculosis, unspecified"
284,01711,Erythem nodos tb-no exam,"Erythema nodosum with hypersensitivity reaction in tuberculosis, bacteriological or histological examination not done"
285,01712,Erythem nod tb-exam unkn,"Erythema nodosum with hypersensitivity reaction in tuberculosis, bacteriological or histological examination unknown (at present)"
286,01713,Erythem nod tb-micro dx,"Erythema nodosum with hypersensitivity reaction in tuberculosis, tubercle bacilli found (in sputum) by microscopy"
287,01714,Erythem nodos tb-cult dx,"Erythema nodosum with hypersensitivity reaction in tuberculosis, tubercle bacilli not found (in sputum) by microscopy, but found by bacterial culture"
288,01715,Erythem nod tb-histo dx,"Erythema nodosum with hypersensitivity reaction in tuberculosis, tubercle bacilli not found by bacteriological examination, but tuberculosis confirmed histologically"
289,01582,TB joint NEC-exam unkn,"Tuberculosis of other specified joint, bacteriological or histological examination unknown (at present)"
290,01583,TB of joint NEC-micro dx,"Tuberculosis of other specified joint, tubercle bacilli found (in sputum) by microscopy"
291,01584,TB of joint NEC-cult dx,"Tuberculosis of other specified joint, tubercle bacilli not found (in sputum) by microscopy, but found by bacterial culture"
292,01585,TB of joint NEC-histo dx,"Tuberculosis of other specified joint, tubercle bacilli not found by bacteriological examination, but tuberculosis confirmed histologically"
293,01586,TB of joint NEC-oth test,"Tuberculosis of other specified joint, tubercle bacilli not found by bacteriological or histological examination, but tuberculosis confirmed by other methods [inoculation of animals]"
294,01590,TB bone/joint NOS-unspec,"Tuberculosis of unspecified bones and joints, unspecified"
295,01591,TB bone/jt NOS-no exam,"Tuberculosis of unspecified bones and joints, bacteriological or histological examination not done"
296,01592,TB bone/jt NOS-exam unkn,"Tuberculosis of unspecified bones and joints, bacteriological or histological examination unknown (at present)"
297,01593,TB bone/jt NOS-micro dx,"Tuberculosis of unspecified bones and joints, tubercle bacilli found (in sputum) by microscopy"
298,01594,TB bone/jt NOS-cult dx,"Tuberculosis of unspecified bones and joints, tubercle bacilli not found (in sputum) by microscopy, but found by bacterial culture"
299,01595,TB bone/jt NOS-histo dx,"Tuberculosis of unspecified bones and joints, tubercle bacilli not found by bacteriological examination, but tuberculosis confirmed histologically"
300,01596,TB bone/jt NOS-oth test,"Tuberculosis of unspecified bones and joints, tubercle bacilli not found by bacteriological or histological examination, but tuberculosis confirmed by other methods [inoculation of animals]"
301,01600,TB of kidney-unspec,"Tuberculosis of kidney, unspecified"
302,01601,TB of kidney-no exam,"Tuberculosis of kidney, bacteriological or histological examination not done"
303,01602,TB of kidney-exam unkn,"Tuberculosis of kidney, bacteriological or histological examination unknown (at present)"
304,01603,TB of kidney-micro dx,"Tuberculosis of kidney, tubercle bacilli found (in sputum) by microscopy"
305,01604,TB of kidney-cult dx,"Tuberculosis of kidney, tubercle bacilli not found (in sputum) by microscopy, but found by bacterial culture"
306,01605,TB of kidney-histo dx,"Tuberculosis of kidney, tubercle bacilli not found by bacteriological examination, but tuberculosis confirmed histologically"
307,01606,TB of kidney-oth test,"Tuberculosis of kidney, tubercle bacilli not found by bacteriological or histological examination, but tuberculosis confirmed by other methods [inoculation of animals]"
308,01610,TB of bladder-unspec,"Tuberculosis of bladder, unspecified"
309,01611,TB of bladder-no exam,"Tuberculosis of bladder, bacteriological or histological examination not done"
310,01612,TB of bladder-exam unkn,"Tuberculosis of bladder, bacteriological or histological examination unknown (at present)"
311,01613,TB of bladder-micro dx,"Tuberculosis of bladder, tubercle bacilli found (in sputum) by microscopy"
312,01614,TB of bladder-cult dx,"Tuberculosis of bladder, tubercle bacilli not found (in sputum) by microscopy, but found by bacterial culture"
313,01615,TB of bladder-histo dx,"Tuberculosis of bladder, tubercle bacilli not found by bacteriological examination, but tuberculosis confirmed histologically"
314,01616,TB of bladder-oth test,"Tuberculosis of bladder, tubercle bacilli not found by bacteriological or histological examination, but tuberculosis confirmed by other methods [inoculation of animals]"
315,01620,TB of ureter-unspec,"Tuberculosis of ureter, unspecified"
316,01621,TB of ureter-no exam,"Tuberculosis of ureter, bacteriological or histological examination not done"
317,01622,TB of ureter-exam unkn,"Tuberculosis of ureter, bacteriological or histological examination unknown (at present)"
318,01623,TB of ureter-micro dx,"Tuberculosis of ureter, tubercle bacilli found (in sputum) by microscopy"
319,01624,TB of ureter-cult dx,"Tuberculosis of ureter, tubercle bacilli not found (in sputum) by microscopy, but found by bacterial culture"
320,01625,TB of ureter-histo dx,"Tuberculosis of ureter, tubercle bacilli not found by bacteriological examination, but tuberculosis confirmed histologically"
321,01626,TB of ureter-oth test,"Tuberculosis of ureter, tubercle bacilli not found by bacteriological or histological examination, but tuberculosis confirmed by other methods [inoculation of animals]"
322,01630,TB urinary NEC-unspec,"Tuberculosis of other urinary organs, unspecified"
323,01631,TB urinary NEC-no exam,"Tuberculosis of other urinary organs, bacteriological or histological examination not done"
324,01632,TB urinary NEC-exam unkn,"Tuberculosis of other urinary organs, bacteriological or histological examination unknown (at present)"
325,01633,TB urinary NEC-micro dx,"Tuberculosis of other urinary organs, tubercle bacilli found (in sputum) by microscopy"
326,01634,TB urinary NEC-cult dx,"Tuberculosis of other urinary organs, tubercle bacilli not found (in sputum) by microscopy, but found by bacterial culture"
327,01635,TB urinary NEC-histo dx,"Tuberculosis of other urinary organs, tubercle bacilli not found by bacteriological examination, but tuberculosis confirmed histologically"
328,01636,TB urinary NEC-oth test,"Tuberculosis of other urinary organs, tubercle bacilli not found by bacteriological or histological examination, but tuberculosis confirmed by other methods [inoculation of animals]"
329,01640,TB epididymis-unspec,"Tuberculosis of epididymis, unspecified"
330,01641,TB epididymis-no exam,"Tuberculosis of epididymis, bacteriological or histological examination not done"
331,01642,TB epididymis-exam unkn,"Tuberculosis of epididymis, bacteriological or histological examination unknown (at present)"
332,01643,TB epididymis-micro dx,"Tuberculosis of epididymis, tubercle bacilli found (in sputum) by microscopy"
333,01644,TB epididymis-cult dx,"Tuberculosis of epididymis, tubercle bacilli not found (in sputum) by microscopy, but found by bacterial culture"
334,01645,TB epididymis-histo dx,"Tuberculosis of epididymis, tubercle bacilli not found by bacteriological examination, but tuberculosis confirmed histologically"
335,01646,TB epididymis-oth test,"Tuberculosis of epididymis, tubercle bacilli not found by bacteriological or histological examination, but tuberculosis confirmed by other methods [inoculation of animals]"
336,01650,TB male genit NEC-unspec,"Tuberculosis of other male genital organs, unspecified"
337,01651,TB male gen NEC-no exam,"Tuberculosis of other male genital organs, bacteriological or histological examination not done"
338,01652,TB male gen NEC-ex unkn,"Tuberculosis of other male genital organs, bacteriological or histological examination unknown (at present)"
339,01653,TB male gen NEC-micro dx,"Tuberculosis of other male genital organs, tubercle bacilli found (in sputum) by microscopy"
340,01654,TB male gen NEC-cult dx,"Tuberculosis of other male genital organs, tubercle bacilli not found (in sputum) by microscopy, but found by bacterial culture"
341,01655,TB male gen NEC-histo dx,"Tuberculosis of other male genital organs, tubercle bacilli not found by bacteriological examination, but tuberculosis confirmed histologically"
342,01656,TB male gen NEC-oth test,"Tuberculosis of other male genital organs, tubercle bacilli not found by bacteriological or histological examination, but tuberculosis confirmed by other methods [inoculation of animals]"
348,01665,TB ovary & tube-histo dx,"Tuberculous oophoritis and salpingitis, tubercle bacilli not found by bacteriological examination, but tuberculosis confirmed histologically"
349,01666,TB ovary & tube-oth test,"Tuberculous oophoritis and salpingitis, tubercle bacilli not found by bacteriological or histological examination, but tuberculosis confirmed by other methods [inoculation of animals]"
350,01670,TB female gen NEC-unspec,"Tuberculosis of other female genital organs, unspecified"
351,01671,TB fem gen NEC-no exam,"Tuberculosis of other female genital organs, bacteriological or histological examination not done"
352,01672,TB fem gen NEC-exam unkn,"Tuberculosis of other female genital organs, bacteriological or histological examination unknown (at present)"
353,01673,TB fem gen NEC-micro dx,"Tuberculosis of other female genital organs, tubercle bacilli found (in sputum) by microscopy"
354,01674,TB fem gen NEC-cult dx,"Tuberculosis of other female genital organs, tubercle bacilli not found (in sputum) by microscopy, but found by bacterial culture"
355,01675,TB fem gen NEC-histo dx,"Tuberculosis of other female genital organs, tubercle bacilli not found by bacteriological examination, but tuberculosis confirmed histologically"
604,01792,TB organ NEC-exam unkn,"Tuberculosis of other specified organs, bacteriological or histological examination unknown (at present)"
605,01793,TB of organ NEC-micro dx,"Tuberculosis of other specified organs, tubercle bacilli found (in sputum) by microscopy"
606,01794,TB of organ NEC-cult dx,"Tuberculosis of other specified organs, tubercle bacilli not found (in sputum) by microscopy, but found by bacterial culture"
607,01795,TB of organ NEC-histo dx,"Tuberculosis of other specified organs, tubercle bacilli not found by bacteriological examination, but tuberculosis confirmed histologically"
608,01796,TB of organ NEC-oth test,"Tuberculosis of other specified organs, tubercle bacilli not found by bacteriological or histological examination, but tuberculosis confirmed by other methods [inoculation of animals]"
609,01800,Acute miliary tb-unspec,"Acute miliary tuberculosis, unspecified"
610,01801,Acute miliary tb-no exam,"Acute miliary tuberculosis, bacteriological or histological examination not done"
611,01802,Ac miliary tb-exam unkn,"Acute miliary tuberculosis, bacteriological or histological examination unknown (at present)"
612,01803,Ac miliary tb-micro dx,"Acute miliary tuberculosis, tubercle bacilli found (in sputum) by microscopy"
613,01804,Acute miliary tb-cult dx,"Acute miliary tuberculosis, tubercle bacilli not found (in sputum) by microscopy, but found by bacterial culture"
614,01805,Ac miliary tb-histo dx,"Acute miliary tuberculosis, tubercle bacilli not found by bacteriological examination, but tuberculosis confirmed histologically"
615,01806,Ac miliary tb-oth test,"Acute miliary tuberculosis, tubercle bacilli not found by bacteriological or histological examination, but tuberculosis confirmed by other methods [inoculation of animals]"
616,01880,Miliary TB NEC-unspec,"Other specified miliary tuberculosis, unspecified"
617,01881,Miliary TB NEC-no exam,"Other specified miliary tuberculosis, bacteriological or histological examination not done"
618,01882,Miliary TB NEC-exam unkn,"Other specified miliary tuberculosis, bacteriological or histological examination unknown (at present)"
619,01883,Miliary TB NEC-micro dx,"Other specified miliary tuberculosis, tubercle bacilli found (in sputum) by microscopy"
620,01884,Miliary TB NEC-cult dx,"Other specified miliary tuberculosis, tubercle bacilli not found (in sputum) by microscopy, but found by bacterial culture"
621,01885,Miliary TB NEC-histo dx,"Other specified miliary tuberculosis, tubercle bacilli not found by bacteriological examination, but tuberculosis confirmed histologically"
622,01886,Miliary TB NEC-oth test,"Other specified miliary tuberculosis, tubercle bacilli not found by bacteriological or histological examination, but tuberculosis confirmed by other methods [inoculation of animals]"
623,01890,Miliary TB NOS-unspec,"Miliary tuberculosis, unspecified, unspecified"
624,01891,Miliary TB NOS-no exam,"Miliary tuberculosis, unspecified, bacteriological or histological examination not done"
625,01892,Miliary TB NOS-exam unkn,"Miliary tuberculosis, unspecified, bacteriological or histological examination unknown (at present)"
683,01893,Miliary TB NOS-micro dx,"Miliary tuberculosis, unspecified, tubercle bacilli found (in sputum) by microscopy"
684,01894,Miliary TB NOS-cult dx,"Miliary tuberculosis, unspecified, tubercle bacilli not found (in sputum) by microscopy, but found by bacterial culture"
685,01895,Miliary TB NOS-histo dx,"Miliary tuberculosis, unspecified, tubercle bacilli not found by bacteriological examination, but tuberculosis confirmed histologically"
686,01896,Miliary TB NOS-oth test,"Miliary tuberculosis, unspecified, tubercle bacilli not found by bacteriological or histological examination, but tuberculosis confirmed by other methods [inoculation of animals]"
748,01305,TB meningitis-histo dx,"Tuberculous meningitis, tubercle bacilli not found by bacteriological examination, but tuberculosis confirmed histologically"
749,01306,TB meningitis-oth test,"Tuberculous meningitis, tubercle bacilli not found by bacteriological or histological examination, but tuberculosis confirmed by other methods [inoculation of animals]"
755,01315,Tubrclma mening-histo dx,"Tuberculoma of meninges, tubercle bacilli not found by bacteriological examination, but tuberculosis confirmed histologically"
756,01316,Tubrclma mening-oth test,"Tuberculoma of meninges, tubercle bacilli not found by bacteriological or histological examination, but tuberculosis confirmed by other methods [inoculation of animals]"
762,01325,Tubrcloma brain-histo dx,"Tuberculoma of brain, tubercle bacilli not found by bacteriological examination, but tuberculosis confirmed histologically"
763,01326,Tubrcloma brain-oth test,"Tuberculoma of brain, tubercle bacilli not found by bacteriological or histological examination, but tuberculosis confirmed by other methods [inoculation of animals]"
769,01335,TB brain absc-histo dx,"Tuberculous abscess of brain, tubercle bacilli not found by bacteriological examination, but tuberculosis confirmed histologically"
770,01336,TB brain absc-oth test,"Tuberculous abscess of brain, tubercle bacilli not found by bacteriological or histological examination, but tuberculosis confirmed by other methods [inoculation of animals]"
776,01345,Tubrclma sp crd-histo dx,"Tuberculoma of spinal cord, tubercle bacilli not found by bacteriological examination, but tuberculosis confirmed histologically"
777,01346,Tubrclma sp crd-oth test,"Tuberculoma of spinal cord, tubercle bacilli not found by bacteriological or histological examination, but tuberculosis confirmed by other methods [inoculation of animals]"
783,01355,TB sp crd absc-histo dx,"Tuberculous abscess of spinal cord, tubercle bacilli not found by bacteriological examination, but tuberculosis confirmed histologically"
784,01356,TB sp crd absc-oth test,"Tuberculous abscess of spinal cord, tubercle bacilli not found by bacteriological or histological examination, but tuberculosis confirmed by other methods [inoculation of animals]"
790,01365,TB encephalitis-histo dx,"Tuberculous encephalitis or myelitis, tubercle bacilli not found by bacteriological examination, but tuberculosis confirmed histologically"
791,01366,TB encephalitis-oth test,"Tuberculous encephalitis or myelitis, tubercle bacilli not found by bacteriological or histological examination, but tuberculosis confirmed by other methods [inoculation of animals]"
792,01380,Cns TB NEC-unspec,"Other specified tuberculosis of central nervous system, unspecified"
793,01381,Cns TB NEC-no exam,"Other specified tuberculosis of central nervous system, bacteriological or histological examination not done"
794,01382,Cns TB NEC-exam unkn,"Other specified tuberculosis of central nervous system, bacteriological or histological examination unknown (at present)"
795,01383,Cns TB NEC-micro dx,"Other specified tuberculosis of central nervous system, tubercle bacilli found (in sputum) by microscopy"
796,01384,Cns TB NEC-cult dx,"Other specified tuberculosis of central nervous system, tubercle bacilli not found (in sputum) by microscopy, but found by bacterial culture"
797,01385,Cns TB NEC-histo dx,"Other specified tuberculosis of central nervous system, tubercle bacilli not found by bacteriological examination, but tuberculosis confirmed histologically"
798,01386,Cns TB NEC-oth test,"Other specified tuberculosis of central nervous system, tubercle bacilli not found by bacteriological or histological examination, but tuberculosis confirmed by other methods [inoculation of animals]"
799,01390,Cns TB NOS-unspec,"Unspecified tuberculosis of central nervous system, unspecified"
800,01391,Cns TB NOS-no exam,"Unspecified tuberculosis of central nervous system, bacteriological or histological examination not done"
801,01392,Cns TB NOS-exam unkn,"Unspecified tuberculosis of central nervous system, bacteriological or histological examination unknown (at present)"
802,01393,Cns TB NOS-micro dx,"Unspecified tuberculosis of central nervous system, tubercle bacilli found (in sputum) by microscopy"
803,01394,Cns TB NOS-cult dx,"Unspecified tuberculosis of central nervous system, tubercle bacilli not found (in sputum) by microscopy, but found by bacterial culture"
804,01395,Cns TB NOS-histo dx,"Unspecified tuberculosis of central nervous system, tubercle bacilli not found by bacteriological examination, but tuberculosis confirmed histologically"
805,01396,Cns TB NOS-oth test,"Unspecified tuberculosis of central nervous system, tubercle bacilli not found by bacteriological or histological examination, but tuberculosis confirmed by other methods [inoculation of animals]"
811,01405,TB peritonitis-histo dx,"Tuberculous peritonitis, tubercle bacilli not found by bacteriological examination, but tuberculosis confirmed histologically"
812,01406,TB peritonitis-oth test,"Tuberculous peritonitis, tubercle bacilli not found by bacteriological or histological examination, but tuberculosis confirmed by other methods [inoculation of animals]"
813,01480,Intestinal TB NEC-unspec,"Other tuberculosis of intestines, peritoneum, and mesenteric glands, unspecified"
814,01481,Intestin TB NEC-no exam,"Other tuberculosis of intestines, peritoneum, and mesenteric glands, bacteriological or histological examination not done"
815,01482,Intest TB NEC-exam unkn,"Other tuberculosis of intestines, peritoneum, and mesenteric glands, bacteriological or histological examination unknown (at present)"
816,01483,Intestin TB NEC-micro dx,"Other tuberculosis of intestines, peritoneum, and mesenteric glands, tubercle bacilli found (in sputum) by microscopy"
817,01484,Intestin TB NEC-cult dx,"Other tuberculosis of intestines, peritoneum, and mesenteric glands, tubercle bacilli not found (in sputum) by microscopy, but found by bacterial culture"
818,01485,Intestin TB NEC-histo dx,"Other tuberculosis of intestines, peritoneum, and mesenteric glands, tubercle bacilli not found by bacteriological examination, but tuberculosis confirmed histologically"
819,01486,Intestin TB NEC-oth test,"Other tuberculosis of intestines, peritoneum, and mesenteric glands, tubercle bacilli not found by bacteriological or histological examination, but tuberculosis confirmed by other methods [inoculation of animals]"
820,01500,TB of vertebra-unspec,"Tuberculosis of vertebral column, unspecified"
821,01501,TB of vertebra-no exam,"Tuberculosis of vertebral column, bacteriological or histological examination not done"
822,01502,TB of vertebra-exam unkn,"Tuberculosis of vertebral column, bacteriological or histological examination unknown (at present)"
823,01503,TB of vertebra-micro dx,"Tuberculosis of vertebral column, tubercle bacilli found (in sputum) by microscopy"
824,01504,TB of vertebra-cult dx,"Tuberculosis of vertebral column, tubercle bacilli not found (in sputum) by microscopy, but found by bacterial culture"
825,01505,TB of vertebra-histo dx,"Tuberculosis of vertebral column, tubercle bacilli not found by bacteriological examination, but tuberculosis confirmed histologically"
826,01506,TB of vertebra-oth test,"Tuberculosis of vertebral column, tubercle bacilli not found by bacteriological or histological examination, but tuberculosis confirmed by other methods [inoculation of animals]"
827,01510,TB of hip-unspec,"Tuberculosis of hip, unspecified"
828,01511,TB of hip-no exam,"Tuberculosis of hip, bacteriological or histological examination not done"
829,01512,TB of hip-exam unkn,"Tuberculosis of hip, bacteriological or histological examination unknown (at present)"
830,01513,TB of hip-micro dx,"Tuberculosis of hip, tubercle bacilli found (in sputum) by microscopy"
831,01514,TB of hip-cult dx,"Tuberculosis of hip, tubercle bacilli not found (in sputum) by microscopy, but found by bacterial culture"
832,01515,TB of hip-histo dx,"Tuberculosis of hip, tubercle bacilli not found by bacteriological examination, but tuberculosis confirmed histologically"
833,01516,TB of hip-oth test,"Tuberculosis of hip, tubercle bacilli not found by bacteriological or histological examination, but tuberculosis confirmed by other methods [inoculation of animals]"
834,01520,TB of knee-unspec,"Tuberculosis of knee, unspecified"
835,01521,TB of knee-no exam,"Tuberculosis of knee, bacteriological or histological examination not done"
836,01522,TB of knee-exam unkn,"Tuberculosis of knee, bacteriological or histological examination unknown (at present)"
837,01523,TB of knee-micro dx,"Tuberculosis of knee, tubercle bacilli found (in sputum) by microscopy"
838,01524,TB of knee-cult dx,"Tuberculosis of knee, tubercle bacilli not found (in sputum) by microscopy, but found by bacterial culture"
839,01525,TB of knee-histo dx,"Tuberculosis of knee, tubercle bacilli not found by bacteriological examination, but tuberculosis confirmed histologically"
840,01526,TB of knee-oth test,"Tuberculosis of knee, tubercle bacilli not found by bacteriological or histological examination, but tuberculosis confirmed by other methods [inoculation of animals]"
841,01550,TB of limb bones-unspec,"Tuberculosis of limb bones, unspecified"
842,01551,TB limb bones-no exam,"Tuberculosis of limb bones, bacteriological or histological examination not done"
843,01552,TB limb bones-exam unkn,"Tuberculosis of limb bones, bacteriological or histological examination unknown (at present)"
844,01553,TB limb bones-micro dx,"Tuberculosis of limb bones, tubercle bacilli found (in sputum) by microscopy"
845,01554,TB limb bones-cult dx,"Tuberculosis of limb bones, tubercle bacilli not found (in sputum) by microscopy, but found by bacterial culture"
846,01555,TB limb bones-histo dx,"Tuberculosis of limb bones, tubercle bacilli not found by bacteriological examination, but tuberculosis confirmed histologically"
847,01556,TB limb bones-oth test,"Tuberculosis of limb bones, tubercle bacilli not found by bacteriological or histological examination, but tuberculosis confirmed by other methods [inoculation of animals]"
848,01560,TB of mastoid-unspec,"Tuberculosis of mastoid, unspecified"
849,01561,TB of mastoid-no exam,"Tuberculosis of mastoid, bacteriological or histological examination not done"
850,01562,TB of mastoid-exam unkn,"Tuberculosis of mastoid, bacteriological or histological examination unknown (at present)"
851,01563,TB of mastoid-micro dx,"Tuberculosis of mastoid, tubercle bacilli found (in sputum) by microscopy"
852,01564,TB of mastoid-cult dx,"Tuberculosis of mastoid, tubercle bacilli not found (in sputum) by microscopy, but found by bacterial culture"
853,01565,TB of mastoid-histo dx,"Tuberculosis of mastoid, tubercle bacilli not found by bacteriological examination, but tuberculosis confirmed histologically"
854,01566,TB of mastoid-oth test,"Tuberculosis of mastoid, tubercle bacilli not found by bacteriological or histological examination, but tuberculosis confirmed by other methods [inoculation of animals]"
855,01570,TB of bone NEC-unspec,"Tuberculosis of other specified bone, unspecified"
856,01571,TB of bone NEC-no exam,"Tuberculosis of other specified bone, bacteriological or histological examination not done"
857,01572,TB of bone NEC-exam unkn,"Tuberculosis of other specified bone, bacteriological or histological examination unknown (at present)"
858,01573,TB of bone NEC-micro dx,"Tuberculosis of other specified bone, tubercle bacilli found (in sputum) by microscopy"
859,01574,TB of bone NEC-cult dx,"Tuberculosis of other specified bone, tubercle bacilli not found (in sputum) by microscopy, but found by bacterial culture"
860,01575,TB of bone NEC-histo dx,"Tuberculosis of other specified bone, tubercle bacilli not found by bacteriological examination, but tuberculosis confirmed histologically"
861,01576,TB of bone NEC-oth test,"Tuberculosis of other specified bone, tubercle bacilli not found by bacteriological or histological examination, but tuberculosis confirmed by other methods [inoculation of animals]"
862,01580,TB of joint NEC-unspec,"Tuberculosis of other specified joint, unspecified"
863,01581,TB of joint NEC-no exam,"Tuberculosis of other specified joint, bacteriological or histological examination not done"
905,1370,"Late effect tb, resp/NOS",Late effects of respiratory or unspecified tuberculosis
906,1371,Late effect cns TB,Late effects of central nervous system tuberculosis
907,1372,Late effect gu TB,Late effects of genitourinary tuberculosis
908,1373,Late eff bone & joint TB,Late effects of tuberculosis of bones and joints
909,1374,Late effect TB NEC,Late effects of tuberculosis of other specified organs
5146,5110,Pleurisy w/o effus or TB,Pleurisy without mention of effusion or current tuberculosis
5147,5111,Bact pleur/effus not TB,"Pleurisy with effusion, with mention of a bacterial cause other than tuberculosis"
6939,64730,TB in preg-unspecified,"Tuberculosis of mother, complicating pregnancy, childbirth, or the puerperium, unspecified as to episode of care or not applicable"
6940,64731,Tuberculosis-delivered,"Tuberculosis of mother, complicating pregnancy, childbirth, or the puerperium, delivered, with or without mention of antepartum condition"
6941,64732,Tuberculosis-deliv w p/p,"Tuberculosis of mother, complicating pregnancy, childbirth, or the puerperium, delivered, with mention of postpartum complication"
6942,64733,Tuberculosis-antepartum,"Tuberculosis of mother, complicating pregnancy, childbirth, or the puerperium, antepartum condition or complication"
6943,64734,Tuberculosis-postpartum,"Tuberculosis of mother, complicating pregnancy, childbirth, or the puerperium,postpartum condition or complication"
11216,79551,Nonsp rea skn test wo tb,Nonspecific reaction to tuberculin skin test without active tuberculosis
11217,79552,Nonsp rea gma interferon,Nonspecific reaction to cell mediated immunity measurement of gamma interferon antigen response without active tuberculosis
11882,V011,Tuberculosis contact,Contact with or exposure to tuberculosis
12178,V032,Vaccin for tuberculosis,Need for prophylactic vaccination and inoculation against tuberculosis [BCG]
13931,V1201,Prsnl hst tuberculosis,Personal history of tuberculosis
14056,V712,Observ-suspect TB,Observation for suspected tuberculosis
14434,V741,Screening-pulmonary TB,Screening examination for pulmonary tuberculosis
